"statefip","abbrev","state","fiscalyear","enrollment","enroll_change","appropriations","approp_change"
1,"AL","Alabama",2001,159867,0,1452373384.21796,0
1,"AL","Alabama",2002,161278,0.00882608668455654,1468304892.94052,0.010969292673416
1,"AL","Alabama",2003,169429,0.0598122189069664,1492313942.44565,0.0275001997845084
1,"AL","Alabama",2004,175629,0.0985944566420837,1460286550.05294,0.00544843765451047
1,"AL","Alabama",2005,177457,0.110028961574309,1469633626.72811,0.0118841633272209
1,"AL","Alabama",2006,176238,0.102403873219614,1649958268.22917,0.136042760187045
1,"AL","Alabama",2007,178314,0.115389667661243,1920124020.96536,0.322059493674397
1,"AL","Alabama",2008,183846,0.149993432040384,2150552169.50066,0.480715766943528
1,"AL","Alabama",2009,190217,0.189845308913034,1931919028.02314,0.330180688393294
1,"AL","Alabama",2010,202247,0.265095360518431,1671401174.89111,0.150806805641848
1,"AL","Alabama",2011,208912,0.306786266083682,1621386111.24649,0.116370024998457
1,"AL","Alabama",2012,203440,0.272557813682624,1538009247.88525,0.05896270518163
1,"AL","Alabama",2013,196645,0.230053732164862,1426876515.61724,-0.0175553124821594
1,"AL","Alabama",2014,194482.292736362,0.216525566479399,1438993635.33455,-0.00921233412068507
1,"AL","Alabama",2015,191428.150906511,0.197421299621006,1465539719,0.00906539249831662
2,"AK","Alaska",2001,16808,0,256386880.265387,0
2,"AK","Alaska",2002,17065,0.015290337934317,268843041.078377,0.048583456376928
2,"AK","Alaska",2003,18092,0.0763921941932413,273177554.103261,0.0654895984556388
2,"AK","Alaska",2004,19093,0.135947168015231,271717257.411329,0.0597939220995762
2,"AK","Alaska",2005,19184,0.141361256544503,284318857.296467,0.108944642573628
2,"AK","Alaska",2006,18908,0.124940504521656,295476571.726191,0.152463696349602
2,"AK","Alaska",2007,18782,0.117444074250357,326721465.622016,0.274329892714578
2,"AK","Alaska",2008,19014,0.131247025226083,325817295.393004,0.270803307313346
2,"AK","Alaska",2009,18965,0.128331746787244,347165954.287605,0.354070668234868
2,"AK","Alaska",2010,19982,0.188838648262732,361256743.538357,0.4090297567661
2,"AK","Alaska",2011,20975,0.247917658257972,359381509.959678,0.40171567900698
2,"AK","Alaska",2012,21167,0.259340790099952,367398692.856804,0.432985543084375
2,"AK","Alaska",2013,20318,0.208829128986197,375049047.006529,0.462824644608627
2,"AK","Alaska",2014,20985.4159176336,0.248537358259972,383900684.68674,0.497349179058472
2,"AK","Alaska",2015,20655.8618195762,0.22893037955594,382551600,0.492087269067824
4,"AZ","Arizona",2001,173079,0,1190824960.84133,0
4,"AZ","Arizona",2002,180901,0.0451932354589523,1161198479.01612,-0.0248789560174159
4,"AZ","Arizona",2003,190170,0.0987468150382195,1103073775.19022,-0.0736894073744624
4,"AZ","Arizona",2004,195759,0.13103842753887,1079979947.48544,-0.093082541096197
4,"AZ","Arizona",2005,202296,0.168807307645642,1114812712.74962,-0.0638315878414347
4,"AZ","Arizona",2006,203093,0.173412141276527,1165797842.33631,-0.021016622365172
4,"AZ","Arizona",2007,207469,0.198695393433057,1260330688.71719,0.0583677115961296
4,"AZ","Arizona",2008,209392,0.209805926773323,1347526826.44924,0.131591015271625
4,"AZ","Arizona",2009,213455,0.233280756186481,1351922961.58705,0.135282687248926
4,"AZ","Arizona",2010,230892,0.334026658346766,1257415297.40067,0.0559195001356777
4,"AZ","Arizona",2011,242986,0.40390226428394,1142611252.07945,-0.0404876538091848
4,"AZ","Arizona",2012,245408,0.417895874138399,848448037.638179,-0.287512383819416
4,"AZ","Arizona",2013,241586,0.395813472460553,855225506.829587,-0.281820977093595
4,"AZ","Arizona",2014,238380.132817785,0.377290906567433,878716257.856853,-0.26209452543216
4,"AZ","Arizona",2015,234636.621134533,0.355661987500118,915770300,-0.230978246078251
5,"AR","Arkansas",2001,79416,0,849682847.85432,0
5,"AR","Arkansas",2002,83927,0.0568021557368792,819252499.110617,-0.0358137731278765
5,"AR","Arkansas",2003,87717,0.104525536415836,792143898.994565,-0.0677181480184705
5,"AR","Arkansas",2004,92787,0.168366576004835,834690850.211752,-0.017644227702638
5,"AR","Arkansas",2005,95560,0.203283973002921,828818345.852535,-0.0245556351460708
5,"AR","Arkansas",2006,98260,0.237282159766294,863637643.154762,0.0164235341877054
5,"AR","Arkansas",2007,99726,0.255741915986703,894814004.615563,0.0531152969313332
5,"AR","Arkansas",2008,102210,0.287020247809006,945978490.708443,0.113331277778875
5,"AR","Arkansas",2009,106091,0.335889493301098,945448751.334269,0.112707822361937
5,"AR","Arkansas",2010,113683,0.431487357711292,1031277202.3876,0.213720160400852
5,"AR","Arkansas",2011,118611,0.493540344514959,1066844013.13032,0.255579085566323
5,"AR","Arkansas",2012,120508,0.517427218696484,1047766152.30378,0.233126165780184
5,"AR","Arkansas",2013,119000,0.49843860179309,1029431916.39054,0.211548425380283
5,"AR","Arkansas",2014,116325.179361929,0.464757471566554,999503698.169036,0.176325614543185
5,"AR","Arkansas",2015,114498.413587239,0.441754981203269,991527821,0.166938727201423
6,"CA","California",2001,1183585,0,11903875170.6098,0
6,"CA","California",2002,1257710,0.0626275256952395,12441699140.2446,0.0451805787549436
6,"CA","California",2003,1324859,0.119361093626567,11957352389.2663,0.0044924209881261
6,"CA","California",2004,1273365,0.0758542901439271,10569940770.937,-0.112058836349885
6,"CA","California",2005,1277519,0.0793639662550641,10925146438.6329,-0.0822193376484149
6,"CA","California",2006,1293150,0.0925704533261236,10971759856.6964,-0.0783035188586948
6,"CA","California",2007,1319634,0.114946539538774,12646483460.7315,0.0623837430650475
6,"CA","California",2008,1374398,0.161216135723248,12677475136.1337,0.0649872377218714
6,"CA","California",2009,1422312,0.201698230376357,12950838822.9769,0.0879514979249789
6,"CA","California",2010,1468908,0.241066759041387,10959450465.9124,-0.0793375847076373
6,"CA","California",2011,1441175,0.217635404301339,11889250003.1278,-0.0012286055819963
6,"CA","California",2012,1424413,0.203473345809553,9748297563.43807,-0.181082007016823
6,"CA","California",2013,1402380,0.184857868256188,9713506006.79524,-0.184004715474715
6,"CA","California",2014,1414891.18196352,0.195428449974884,10514942208.0292,-0.116679059774572
6,"CA","California",2015,1392671.78973649,0.176655491355915,11688629379,-0.0180819933445922
8,"CO","Colorado",2001,151166,0,995858976.115189,0
8,"CO","Colorado",2002,156200,0.0333011391450458,993927061.617565,-0.00193994786808093
8,"CO","Colorado",2003,164074,0.0853895717290925,880252767.309783,-0.116086927545085
8,"CO","Colorado",2004,168177,0.112531918553114,739827138.24775,-0.257096480534031
8,"CO","Colorado",2005,170313,0.126662080097376,708054630.414747,-0.289001106183887
8,"CO","Colorado",2006,167747,0.109687363560589,700185859.672619,-0.296902597188992
8,"CO","Colorado",2007,166671,0.102569360835108,777024492.360448,-0.219744450773951
8,"CO","Colorado",2008,165377,0.0940092348808595,809549151.010436,-0.187084546681038
8,"CO","Colorado",2009,170317,0.126688541074051,883665922.428299,-0.112659579697269
8,"CO","Colorado",2010,184747,0.222146514427848,899636163.031905,-0.0966229309481613
8,"CO","Colorado",2011,193617,0.280823730203882,804056953.678442,-0.192599581905623
8,"CO","Colorado",2012,193447,0.279699138695209,666309690.917925,-0.330919631294407
8,"CO","Colorado",2013,194462,0.286413611526401,649725938.637474,-0.347572342851162
8,"CO","Colorado",2014,193590.488415968,0.280648349602212,678110617.060586,-0.319069634030039
8,"CO","Colorado",2015,190550.351444044,0.260537101226755,778730431,-0.218031418426533
9,"CT","Connecticut",2001,67760,0,941900906.154715,0
9,"CT","Connecticut",2002,70735,0.0439049586776859,989819018.704836,0.0508738363420261
9,"CT","Connecticut",2003,74654,0.101741440377804,969159030,0.0289394814965894
9,"CT","Connecticut",2004,75989,0.121443329397875,935837034.886183,-0.00643790788278078
9,"CT","Connecticut",2005,78502,0.158530106257379,953736357.296467,0.0125654950158928
9,"CT","Connecticut",2006,80140,0.182703659976387,975084171.800595,0.0352301026881376
9,"CT","Connecticut",2007,81340,0.200413223140496,1052572414.34442,0.117498037709206
9,"CT","Connecticut",2008,83356,0.230165289256198,1134894581.40388,0.204898067289327
9,"CT","Connecticut",2009,86958,0.283323494687131,1103041714.31967,0.171080425883454
9,"CT","Connecticut",2010,90111,0.329855371900826,1189635812.28877,0.263015891072264
9,"CT","Connecticut",2011,92445,0.364300472255018,1130316127.10279,0.20003720106532
9,"CT","Connecticut",2012,91388,0.348701298701299,977547508.746919,0.0378453851772264
9,"CT","Connecticut",2013,89842,0.325885478158205,900313938.212073,-0.0441521689499366
9,"CT","Connecticut",2014,88505.3565048979,0.306159334487867,1016664911.40479,0.0793756591182205
9,"CT","Connecticut",2015,87115.4720703603,0.285647462667654,1117135194.16,0.18604323115122
10,"DE","Delaware",2001,27366,0,247924831.168831,0
10,"DE","Delaware",2002,28642,0.0466272016370679,244798907.559755,-0.0126083522749162
10,"DE","Delaware",2003,29616,0.0822188116641087,241647733.043478,-0.0253185535944898
10,"DE","Delaware",2004,29796,0.0887963165972375,238002279.433563,-0.0400224200556636
10,"DE","Delaware",2005,30340,0.108674998172915,246158370.046083,-0.00712498669221764
10,"DE","Delaware",2006,30642,0.119710589782942,253337958.928571,0.0218337458745876
10,"DE","Delaware",2007,30533,0.115727545128992,265759667.071794,0.0719364648505826
10,"DE","Delaware",2008,31288,0.14331652415406,266801249.634236,0.076137667923028
10,"DE","Delaware",2009,31311,0.144156983117737,267465323.091122,0.078816195336981
10,"DE","Delaware",2010,32913,0.202696777022583,262770332.292622,0.0598790409730338
10,"DE","Delaware",2011,33228,0.214207410655558,223153253.046381,-0.0999156801102379
10,"DE","Delaware",2012,33109,0.209858949060878,219388178.830893,-0.115102033964906
10,"DE","Delaware",2013,33405,0.220675290506468,219566906.190842,-0.114381140623538
10,"DE","Delaware",2014,33306.6854766132,0.217082711269942,227153364.266525,-0.0837813090539588
10,"DE","Delaware",2015,32783.6386742717,0.197969695032949,226594100,-0.0860370906305283
12,"FL","Florida",2001,363905,0,3683723546.27329,0
12,"FL","Florida",2002,387515,0.0648795702175018,3401569850.02779,-0.0765946990052892
12,"FL","Florida",2003,415106,0.140698808755032,3634328385.81522,-0.0134090302482241
12,"FL","Florida",2004,437160,0.201302537750237,3512666447.96188,-0.0464359217413209
12,"FL","Florida",2005,445724,0.224836152292494,3798773434.71582,0.0312319551120827
12,"FL","Florida",2006,449215,0.23442931534329,3848527147.91667,0.0447383196847391
12,"FL","Florida",2007,455217,0.250922630906418,4169495766.12553,0.131869890275474
12,"FL","Florida",2008,478520,0.314958574353197,4025895113.49122,0.0928874175599013
12,"FL","Florida",2009,495624,0.361959852159217,3683077495.83988,-0.00017537972795681
12,"FL","Florida",2010,537786,0.477819760651818,4288813877.22995,0.164260516120656
12,"FL","Florida",2011,562185,0.544867479149778,4324607744.01113,0.17397727861153
12,"FL","Florida",2012,572036,0.571937731001223,3736573157.01963,0.0143467907084953
12,"FL","Florida",2013,568756,0.562924389607178,3386118890.7118,-0.0807890852348472
12,"FL","Florida",2014,562512.84671297,0.545768392061033,3917481856.0359,0.0634570718530426
12,"FL","Florida",2015,553679.168382659,0.521493709574363,4226714318,0.147402693200481
13,"GA","Georgia",2001,202640,0,2134961779.70073,0
13,"GA","Georgia",2002,220777,0.089503553099092,2242789180.15564,0.0505055413544791
13,"GA","Georgia",2003,236868,0.168910382945124,2737056834.21196,0.282016783736344
13,"GA","Georgia",2004,248226,0.2249605211212,2365489182.37162,0.107977297234429
13,"GA","Georgia",2005,253611,0.251534741413344,2332363802.99539,0.0924616192999615
13,"GA","Georgia",2006,258434,0.275335570469799,2447365534.67262,0.146327563304518
13,"GA","Georgia",2007,263880,0.302210817212791,2526373661.70385,0.183334374284669
13,"GA","Georgia",2008,276327,0.363635017765495,2665333839.44952,0.248422273781
13,"GA","Georgia",2009,290666,0.434395973154362,2871013402.02389,0.344761030066934
13,"GA","Georgia",2010,327092,0.614153178049743,3210758815.00848,0.503895219828501
13,"GA","Georgia",2011,342835,0.691842676667983,3105750829.46068,0.454710271158119
13,"GA","Georgia",2012,327091,0.614148243189893,2788112730.13576,0.305930980425599
13,"GA","Georgia",2013,322109,0.589562771417292,2661559416.72613,0.246654362636513
13,"GA","Georgia",2014,315636.897110062,0.557623850720796,2784489197.34286,0.304233744986843
13,"GA","Georgia",2015,310680.14841616,0.533162990604814,2897661906,0.357242988399622
15,"HI","Hawaii",2001,32011,0,452285384.669678,0
15,"HI","Hawaii",2002,32888,0.0273968323388835,458649595.414119,0.014071227946242
15,"HI","Hawaii",2003,34600,0.0808784480334885,474647396.657609,0.0494422608952143
15,"HI","Hawaii",2004,36060,0.126487769829121,498840590.471149,0.102933252719346
15,"HI","Hawaii",2005,36360,0.135859548280279,495668969.047619,0.0959208186875763
15,"HI","Hawaii",2006,35911,0.121833119865046,576799510.491071,0.275299910281936
15,"HI","Hawaii",2007,35665,0.114148261535097,573880029.878172,0.268844957918106
15,"HI","Hawaii",2008,35834,0.119427696729249,608258126.361453,0.344854702315195
15,"HI","Hawaii",2009,37616,0.175096060729124,674841480.490545,0.492070058782483
15,"HI","Hawaii",2010,40623,0.269032520071226,615394689.775149,0.360633596914914
15,"HI","Hawaii",2011,41922,0.309612320764737,550361185.808464,0.21684494892625
15,"HI","Hawaii",2012,41630,0.300490456405611,540246612.08701,0.19448169319372
15,"HI","Hawaii",2013,41987,0.311642872762488,533651429.029005,0.17989978698682
15,"HI","Hawaii",2014,41044.1291483539,0.282188283663551,529333067.708713,0.170351918612861
15,"HI","Hawaii",2015,40399.5738526607,0.262052852227694,568084290,0.256030615304747
16,"ID","Idaho",2001,40932,0,393087061.067194,0
16,"ID","Idaho",2002,43028,0.0512068797029219,424355054.307949,0.0795447022750267
16,"ID","Idaho",2003,44541,0.0881706244503078,396963721.467391,0.00986209108402837
16,"ID","Idaho",2004,46664,0.14003713476009,398771293.912123,0.0144604933815347
16,"ID","Idaho",2005,46961,0.147293071435552,393781048.771121,0.00176548091418625
16,"ID","Idaho",2006,46289,0.130875598553699,410969841.666667,0.0454931804443602
16,"ID","Idaho",2007,45074,0.101192221244992,417052586.885436,0.0609674756354939
16,"ID","Idaho",2008,45781,0.118464770839441,438266016.869249,0.114933713868371
16,"ID","Idaho",2009,46599,0.138449135150982,467704197.317945,0.189823435165159
16,"ID","Idaho",2010,48961,0.196154597869637,400596898.695748,0.019104769330656
16,"ID","Idaho",2011,50675,0.238028926023649,365589414.612406,-0.0699530693789161
16,"ID","Idaho",2012,50943,0.244576370565816,343364582.889797,-0.126492278943003
16,"ID","Idaho",2013,57741,0.410656698915274,365183821.743927,-0.0709848837240078
16,"ID","Idaho",2014,55636.7564514286,0.359248423029137,373896727.817062,-0.0488195495370204
16,"ID","Idaho",2015,54763.0391439827,0.337902842372293,401454400,0.0212862232353562
17,"IL","Illinois",2001,351125,0,3628334011.91417,0
17,"IL","Illinois",2002,354123,0.00853826984692061,3814102461.14508,0.0511993792801074
17,"IL","Illinois",2003,369251,0.051622641509434,3548799171.7663,-0.0219204846871054
17,"IL","Illinois",2004,379413,0.080563901744393,3378450667.73425,-0.0688699947026357
17,"IL","Illinois",2005,379644,0.0812217871128516,3249304275.80645,-0.104463848935385
17,"IL","Illinois",2006,376329,0.0717807048771805,3095310577.67857,-0.146905834050928
17,"IL","Illinois",2007,376608,0.0725752936988252,3176586126.97861,-0.124505594978901
17,"IL","Illinois",2008,378656,0.0784079743681025,3221306031.77847,-0.112180405331804
17,"IL","Illinois",2009,385200,0.0970452118191527,3316726167.63076,-0.0858817967861295
17,"IL","Illinois",2010,406139,0.156679245283019,3667931453.48672,0.010913394809442
17,"IL","Illinois",2011,406699,0.158274118903524,3415146666.36733,-0.0587562624738555
17,"IL","Illinois",2012,396445,0.129070843716625,3698909719.66384,0.0194512708912474
17,"IL","Illinois",2013,382043,0.0880541117835529,3617339391.53148,-0.00303021175740328
17,"IL","Illinois",2014,374737.281438856,0.0672475085478281,4074855177.50786,0.123065066261117
17,"IL","Illinois",2015,368852.422769494,0.0504874980975272,4943150400,0.362374683193012
18,"IN","Indiana",2001,184113,0,1711883338.25522,0
18,"IN","Indiana",2002,194848,0.0583065834568988,1735137251.88994,0.013583819127778
18,"IN","Indiana",2003,198664,0.0790329851775812,1703524580.05435,-0.00488278495040113
18,"IN","Indiana",2004,204273,0.109497971354549,1701405676.38962,-0.00612054667012409
18,"IN","Indiana",2005,207037,0.124510490839865,1714803627.57296,0.0017058927162163
18,"IN","Indiana",2006,207957,0.129507422072314,1676384555.35714,-0.020736683455463
18,"IN","Indiana",2007,211281,0.147561551873034,1659742766.3715,-0.0304580170380438
18,"IN","Indiana",2008,217183,0.179617952018597,1677308885.199,-0.0201967343706161
18,"IN","Indiana",2009,230550,0.252220103957895,1755851015.79215,0.0256838048214999
18,"IN","Indiana",2010,252677,0.372401731545301,1728652013.71827,0.00979545456650869
18,"IN","Indiana",2011,261071,0.417993297594412,1643517110.37892,-0.0399362657188882
18,"IN","Indiana",2012,258589,0.404512446160782,1594480816.42014,-0.0685809127359951
18,"IN","Indiana",2013,250960,0.363075937060392,1572135718.75747,-0.0816338452363122
18,"IN","Indiana",2014,252579.586720157,0.371872636479536,1692309819.38615,-0.0114339093276186
18,"IN","Indiana",2015,248613.087403871,0.350328805700147,1681133009,-0.0179628649733597
19,"IA","Iowa",2001,106480,0,1135542152.62564,0
19,"IA","Iowa",2002,110332,0.036175807663411,1033104500.27793,-0.0902103476395338
19,"IA","Iowa",2003,114582,0.0760894064613073,988530191.902174,-0.129464115782524
19,"IA","Iowa",2004,116827,0.0971731780616078,922736772.260455,-0.187404210291203
19,"IA","Iowa",2005,115666,0.0862697220135237,899053046.850998,-0.208260966118976
19,"IA","Iowa",2006,114318,0.0736100676183321,913941227.455357,-0.19514988911498
19,"IA","Iowa",2007,114931,0.0793670172802404,916709385.073936,-0.19271214815382
19,"IA","Iowa",2008,117671,0.105099549211119,958773713.719734,-0.155668760069515
19,"IA","Iowa",2009,119978,0.126765589782119,1029872766.30604,-0.0930563309122944
19,"IA","Iowa",2010,130997,0.2302498121713,935907023.948848,-0.175806004396389
19,"IA","Iowa",2011,135727,0.274671299774606,796914158.528245,-0.298208211218231
19,"IA","Iowa",2012,134188,0.260217881292261,761863059.629389,-0.329075492382395
19,"IA","Iowa",2013,130846,0.228831705484598,798601087.455539,-0.296722639834207
19,"IA","Iowa",2014,127141.317738162,0.194039422785147,821694950.214733,-0.276385338655386
19,"IA","Iowa",2015,125144.695776631,0.175288277391348,847741404,-0.253447877703327
20,"KS","Kansas",2001,113764,0,911286511.914173,0
20,"KS","Kansas",2002,117178,0.0300094933370838,936291009.421901,0.0274386783748239
20,"KS","Kansas",2003,120751,0.0614166168559474,872934972.554348,-0.0420850510332551
20,"KS","Kansas",2004,122555,0.0772740058366443,857798292.641609,-0.0586952825190078
20,"KS","Kansas",2005,123762,0.0878836890404697,865978366.359447,-0.0497188809033894
20,"KS","Kansas",2006,123764,0.0879012692943286,884294423.363095,-0.0296197608525777
20,"KS","Kansas",2007,124493,0.0943092718258852,898741841.016292,-0.0137658911153317
20,"KS","Kansas",2008,124286,0.0924897155514926,906088340.478303,-0.00570421197714353
20,"KS","Kansas",2009,127101,0.117233922857846,924542079.012012,0.0145459928623276
20,"KS","Kansas",2010,134414,0.181516121092789,859979637.103611,-0.056301584781268
20,"KS","Kansas",2011,137520,0.208818255335607,835220904.723369,-0.0834705728619051
20,"KS","Kansas",2012,137656,0.21001371259801,805743235.104881,-0.11581788540642
20,"KS","Kansas",2013,135534,0.191361063253753,806640329.714819,-0.114833458886101
20,"KS","Kansas",2014,135606.932697743,0.192002150924222,769587134.407631,-0.155493772434862
20,"KS","Kansas",2015,133477.367071265,0.173282998762926,803124160,-0.118691926743189
21,"KY","Kentucky",2001,118319,0,1336244667.5607,0
21,"KY","Kentucky",2002,133755,0.130460872725429,1364685814.36909,0.0212843856359872
21,"KY","Kentucky",2003,141042,0.192048614339202,1375224090.16304,0.0291708723324598
21,"KY","Kentucky",2004,147221,0.24427184137797,1381815051.37639,0.0341033232326214
21,"KY","Kentucky",2005,148315,0.253518031761594,1354452927.03533,0.0136264412623392
21,"KY","Kentucky",2006,149435,0.262983967072068,1417165754.31548,0.0605585853543547
21,"KY","Kentucky",2007,149973,0.267530996712278,1428004976.70515,0.06867029023357
21,"KY","Kentucky",2008,153831,0.300137763165679,1440243909.42068,0.0778294906499616
21,"KY","Kentucky",2009,154500,0.305791969168096,1413219025.36625,0.0576049878246244
21,"KY","Kentucky",2010,164650,0.391577007919269,1393514709.61803,0.0428589489991227
21,"KY","Kentucky",2011,170671,0.442464861941024,1352562763.01146,0.0122119068812069
21,"KY","Kentucky",2012,170316,0.439464498516722,1273515594.97337,-0.0469443015266399
21,"KY","Kentucky",2013,165539,0.399090594071958,1204530711.44372,-0.0985702389049913
21,"KY","Kentucky",2014,161387.449833104,0.36400282146658,1192503999.39394,-0.107570620602851
21,"KY","Kentucky",2015,158853.028038641,0.342582577934575,1171138600,-0.123559757856396
22,"LA","Louisiana",2001,153502,0,1174072958.55449,0
22,"LA","Louisiana",2002,158440,0.0321689619679222,1310440736.21456,0.116149321612832
22,"LA","Louisiana",2003,161780,0.0539276361220049,1487709343.04348,0.267135344702204
22,"LA","Louisiana",2004,169179,0.102128962489088,1512139775.93965,0.287943619620868
22,"LA","Louisiana",2005,170391,0.110024625086318,1504825377.11213,0.281713684100915
22,"LA","Louisiana",2006,150744,-0.0179671926098683,1456462389.80655,0.240521195207268
22,"LA","Louisiana",2007,157237,0.0243319305285925,1630566018.17287,0.388811492754604
22,"LA","Louisiana",2008,156279,0.0180909694987687,1867881990.19521,0.590942007977884
22,"LA","Louisiana",2009,161261,0.0505465726830921,1889659665.55885,0.609490834270973
22,"LA","Louisiana",2010,170167,0.108565360711913,1618346055.13524,0.378403312454907
22,"LA","Louisiana",2011,176732,0.151333533113575,1661841716.81114,0.415450125737658
22,"LA","Louisiana",2012,175904,0.145939466586755,1273014265.8223,0.0842718559753105
22,"LA","Louisiana",2013,171072,0.114461049367435,1190733721.65172,0.0141905688022529
22,"LA","Louisiana",2014,166954.89460608,0.0876398653182338,1123012080.21796,-0.0434903793367241
22,"LA","Louisiana",2015,164333.041890645,0.0705596141460377,1131183764,-0.0365302635087463
23,"ME","Maine",2001,29475,0,305392857.17109,0
23,"ME","Maine",2002,30611,0.0385411365564037,313884422.067815,0.0278053814859476
23,"ME","Maine",2003,32392,0.0989652247667515,303536322.554348,-0.00607916843222653
23,"ME","Maine",2004,34169,0.159253604749788,292291949.047115,-0.0428985413913444
23,"ME","Maine",2005,34811,0.181034775233249,293935193.625192,-0.0375177849673114
23,"ME","Maine",2006,35008,0.187718405428329,290904797.098214,-0.0474407299734547
23,"ME","Maine",2007,35206,0.194435962680237,295230404.766039,-0.0332766538785082
23,"ME","Maine",2008,35599,0.207769296013571,301518442.636656,-0.0126866573446509
23,"ME","Maine",2009,35706,0.211399491094148,293379509.059043,-0.0393373578653025
23,"ME","Maine",2010,36854,0.250347752332485,292572427.9234,-0.0419801214948095
23,"ME","Maine",2011,37683,0.278473282442748,290621492.050089,-0.0483684040872158
23,"ME","Maine",2012,36763,0.247260390161154,278754826.636323,-0.0872254537369324
23,"ME","Maine",2013,36495,0.238167938931298,269647631.820508,-0.117046697429982
23,"ME","Maine",2014,36010.0455540084,0.221714861883235,271323231.566238,-0.111559994953532
23,"ME","Maine",2015,35444.5452975381,0.202529102545824,272245555,-0.108539873781395
24,"MD","Maryland",2001,152296,0,1567031948.24958,0
24,"MD","Maryland",2002,160918,0.0566134369911225,1684826859.33852,0.075170714432801
24,"MD","Maryland",2003,168540,0.106660713347691,1562478227.20109,-0.00290595290898567
24,"MD","Maryland",2004,172563,0.133076377580501,1425886165.93436,-0.0900720514810717
24,"MD","Maryland",2005,175670,0.15347743867206,1422318929.26267,-0.0923484802901132
24,"MD","Maryland",2006,176452,0.158612176288281,1487192075.14881,-0.0509497417649655
24,"MD","Maryland",2007,180451,0.184870252665861,1636245257.11144,0.044168409545942
24,"MD","Maryland",2008,186137,0.222205442033934,1699129898.02743,0.084298185448875
24,"MD","Maryland",2009,193480,0.270420759573462,1813673646.96999,0.157394173740948
24,"MD","Maryland",2010,205422,0.348833849871303,1734216632.1937,0.106688752664473
24,"MD","Maryland",2011,211325,0.387593896097074,1676556481.75561,0.0698929805664621
24,"MD","Maryland",2012,213492,0.401822766192152,1653565571.92766,0.0552213525542656
24,"MD","Maryland",2013,210579,0.382695540263697,1640272005.4034,0.0467380752738548
24,"MD","Maryland",2014,204517.36741674,0.342893887014366,1715127329.12783,0.0945069314277074
24,"MD","Maryland",2015,201305.635191816,0.321805137310345,1833600977,0.170110781115975
25,"MA","Massachusetts",2001,126424,0,1437102207.17109,0
25,"MA","Massachusetts",2002,130308,0.0307220148073151,1336379980.3224,-0.0700870309335608
25,"MA","Massachusetts",2003,132815,0.0505521103587926,1245956317.98913,-0.133007860003379
25,"MA","Massachusetts",2004,134733,0.0657232803897994,1036120208.17893,-0.279021211568163
25,"MA","Massachusetts",2005,133964,0.0596405745744479,1108552234.63902,-0.228619767538189
25,"MA","Massachusetts",2006,135647,0.0729529203315826,1149481962.72321,-0.200139031874463
25,"MA","Massachusetts",2007,138249,0.0935344554831361,1173160524.27873,-0.183662429558108
25,"MA","Massachusetts",2008,142945,0.130679301398469,1153894280.47914,-0.197068743808724
25,"MA","Massachusetts",2009,148453,0.174246978421819,1143585284.77605,-0.204242204159452
25,"MA","Massachusetts",2010,158529,0.25394703537303,1309661666.55439,-0.0886788288131293
25,"MA","Massachusetts",2011,162426,0.284771878757198,1275865994.55855,-0.112195369131005
25,"MA","Massachusetts",2012,163669,0.294603872682402,1243311784.46415,-0.134848044724956
25,"MA","Massachusetts",2013,163678,0.294675061697146,1273006122.3252,-0.114185396158365
25,"MA","Massachusetts",2014,163733.234097941,0.295111957365224,1339402397.65902,-0.0679838977523987
25,"MA","Massachusetts",2015,161161.974205026,0.274773573095501,1462827300.65,0.0179006707738275
26,"MI","Michigan",2001,325775,0,2964684170.58159,0
26,"MI","Michigan",2002,339473,0.0420474253702709,2965108676.93163,0.000143187714309841
26,"MI","Michigan",2003,350417,0.0756411633796332,2766158518.77717,-0.0669635078752664
26,"MI","Michigan",2004,359382,0.103160156549766,2481836874.77501,-0.162866352037714
26,"MI","Michigan",2005,362559,0.112912286087023,2356292741.55146,-0.205212897571745
26,"MI","Michigan",2006,367285,0.127419231064385,2358279800.66964,-0.204542654468651
26,"MI","Michigan",2007,372154,0.142365129307037,2325011368.10198,-0.215764231761027
26,"MI","Michigan",2008,379510,0.164945130841839,2231711852.0643,-0.24723453708511
26,"MI","Michigan",2009,387510,0.189501956872074,2269807811.65953,-0.234384615338554
26,"MI","Michigan",2010,406983,0.249276341032921,2064841638.41857,-0.303520537226903
26,"MI","Michigan",2011,413048,0.267893484767094,1963799001.66267,-0.337602628587102
26,"MI","Michigan",2012,402900,0.23674315094774,1594760965.49779,-0.46208065556442
26,"MI","Michigan",2013,394149,0.209881052873916,1631669881.10467,-0.449631128571588
26,"MI","Michigan",2014,385027.808389574,0.181882613428205,1666203083.79587,-0.437982939184713
26,"MI","Michigan",2015,378981.347713318,0.163322378062523,1784194800,-0.398183854555412
27,"MN","Minnesota",2001,160512,0,1799852361.97064,0
27,"MN","Minnesota",2002,167780,0.0452801036682616,1812151236.68705,0.00683326864818193
27,"MN","Minnesota",2003,176083,0.0970083233652313,1699301343.17935,-0.0558662593198466
27,"MN","Minnesota",2004,181162,0.12865081738437,1610272925.22499,-0.105330548633491
27,"MN","Minnesota",2005,181832,0.132824960127592,1540413926.88172,-0.144144286815204
27,"MN","Minnesota",2006,180965,0.127423494816587,1600296912.20238,-0.11087323270769
27,"MN","Minnesota",2007,182945,0.139759021132376,1595861583.76016,-0.113337506186967
27,"MN","Minnesota",2008,187334,0.167102771132376,1727792953.34947,-0.0400362886110698
27,"MN","Minnesota",2009,190109,0.184391198165869,1735936595.45906,-0.0355116718804642
27,"MN","Minnesota",2010,201393,0.254691238038278,1697679570.0875,-0.0567673182767445
27,"MN","Minnesota",2011,204812,0.2759918261563,1454288228.56419,-0.191995821828461
27,"MN","Minnesota",2012,199465,0.242679675039872,1322378685.26617,-0.265284912692334
27,"MN","Minnesota",2013,196719,0.225571919856459,1303497565.88126,-0.275775283893801
27,"MN","Minnesota",2014,192492.601123802,0.199241185231022,1391728555.41616,-0.22675404670838
27,"MN","Minnesota",2015,189469.705328214,0.180408351576295,1445822000,-0.196699667956662
28,"MS","Mississippi",2001,103352,0,1100235810.30491,0
28,"MS","Mississippi",2002,107438,0.0395347937146838,1004702794.38577,-0.0868295823716801
28,"MS","Mississippi",2003,112358,0.0871390974533633,982534967.527174,-0.106977833002109
28,"MS","Mississippi",2004,113695,0.100075470237634,995543664.346215,-0.0951542796354573
28,"MS","Mississippi",2005,116116,0.123500270918802,949501007.757296,-0.137002269091607
28,"MS","Mississippi",2006,114968,0.112392600046443,932733436.160714,-0.152242248957319
28,"MS","Mississippi",2007,115525,0.117781949067265,1030336325.1295,-0.0635313671130598
28,"MS","Mississippi",2008,118610,0.147631395618856,1144816914.72019,0.0405195904348158
28,"MS","Mississippi",2009,122053,0.18094473256444,1179384547.16436,0.0719379755849896
28,"MS","Mississippi",2010,132305,0.280139716696339,1159268260.84325,0.053654362078957
28,"MS","Mississippi",2011,136857,0.324183373326109,1070931799.17967,-0.0266343004388529
28,"MS","Mississippi",2012,136145,0.317294295224089,981908213.305552,-0.107547487448684
28,"MS","Mississippi",2013,135089,0.307076786128957,938087023.773958,-0.147376394234993
28,"MS","Mississippi",2014,132456.391176936,0.281604527991098,971909351.168137,-0.116635413912961
28,"MS","Mississippi",2015,130376.30152336,0.261478263830022,1009235634,-0.0827097022770902
29,"MO","Missouri",2001,145980,0,1279915943.13947,0
29,"MO","Missouri",2002,150857,0.0334086861213865,1280015215.06392,7.75612843851497e-05
29,"MO","Missouri",2003,157409,0.0782915467872311,1123632682.33696,-0.122104316021855
29,"MO","Missouri",2004,160777,0.101363200438416,1048866511.06405,-0.18051922340203
29,"MO","Missouri",2005,160675,0.10066447458556,1042107693.62519,-0.185799896304881
29,"MO","Missouri",2006,162985,0.116488560076723,1002415203.86905,-0.216811690453475
29,"MO","Missouri",2007,164217,0.124928072338677,1020275731.11092,-0.202857237164877
29,"MO","Missouri",2008,168028,0.151034388272366,1026340392.21469,-0.198118909514314
29,"MO","Missouri",2009,172476,0.181504315659679,1131216825.18633,-0.116178815296572
29,"MO","Missouri",2010,185863,0.273208658720373,1175798406.08665,-0.0813471678440341
29,"MO","Missouri",2011,195384,0.338429921907111,1051399379.98513,-0.178540289602002
29,"MO","Missouri",2012,197255,0.351246746129607,960447885.712715,-0.249600811005714
29,"MO","Missouri",2013,194396,0.331661871489245,944463310.61623,-0.262089580430116
29,"MO","Missouri",2014,192296.707454454,0.31728118546687,952338010.110566,-0.25593706741819
29,"MO","Missouri",2015,189276.887964895,0.296594656561827,1032061214,-0.193649223972875
30,"MT","Montana",2001,32178,0,189020004.460757,0
30,"MT","Montana",2002,33682,0.0467400087015974,196784186.047804,0.0410759782235622
30,"MT","Montana",2003,34692,0.0781279134812605,187514798.967391,-0.00796320737405242
30,"MT","Montana",2004,35955,0.117378333022562,188331596.823716,-0.0036419829689684
30,"MT","Montana",2005,35853,0.11420846541115,184586719.047619,-0.0234540541133996
30,"MT","Montana",2006,35972,0.117906644291131,200463117.633929,0.0605391646551765
30,"MT","Montana",2007,35937,0.116818944620548,193069055.0395,0.0214212807279028
30,"MT","Montana",2008,35686,0.1090185841258,207956392.107867,0.100181923607146
30,"MT","Montana",2009,36098,0.121822363105227,224692764.814461,0.188724788444868
30,"MT","Montana",2010,38462,0.195288706569706,226990956.230899,0.200883244492919
30,"MT","Montana",2011,40165,0.2482130648269,220092601.457662,0.164387875693635
30,"MT","Montana",2012,40420,0.256137733855429,207977614.766675,0.100294200923344
30,"MT","Montana",2013,39674,0.232954192305302,205058893.201342,0.0848528640465414
30,"MT","Montana",2014,39278.3517265636,0.220658578114352,226509801.225035,0.198337720238824
30,"MT","Montana",2015,38661.5261260021,0.20148940661328,240959102,0.27478095605498
31,"NE","Nebraska",2001,65186,0,657518424.392998,0
31,"NE","Nebraska",2002,66547,0.0208787162887737,677995184.658143,0.0311424889485775
31,"NE","Nebraska",2003,68612,0.0525572975792348,668692868.396739,0.0169948758683938
31,"NE","Nebraska",2004,69717,0.0695087902310312,623937217.098994,-0.0510726483824471
31,"NE","Nebraska",2005,69778,0.0704445739882797,609165690.860215,-0.0735382184574084
31,"NE","Nebraska",2006,70130,0.0758445064891234,633885165.997024,-0.0359431120394716
31,"NE","Nebraska",2007,70919,0.087948332464026,650695610.802442,-0.0103766120270387
31,"NE","Nebraska",2008,71836,0.102015770257417,667127125.818033,0.0146135850625104
31,"NE","Nebraska",2009,73969,0.13473752032645,697000306.543859,0.0600468073382275
31,"NE","Nebraska",2010,78845,0.209538858037002,694963157.601556,0.0569485687691962
31,"NE","Nebraska",2011,80693,0.237888503666431,686861941.694993,0.0446276731014553
31,"NE","Nebraska",2012,80372,0.232964133402878,669336193.971075,0.0179732903895228
31,"NE","Nebraska",2013,78014,0.196790721934158,668937310.42319,0.0173666403960208
31,"NE","Nebraska",2014,76311.6612138318,0.170675623812349,686803874.840645,0.0445393609687553
31,"NE","Nebraska",2015,75113.2660625853,0.152291382545106,717198058,0.090764960179019
32,"NV","Nevada",2001,48099,0,422383387.436477,0
32,"NV","Nevada",2002,51728,0.0754485540239922,455516030.711506,0.0784421079534353
32,"NV","Nevada",2003,55044,0.144389696251481,475859538.831522,0.126605716478581
32,"NV","Nevada",2004,57778,0.201230794819019,604275566.490206,0.430632890553929
32,"NV","Nevada",2005,62790,0.305432545375164,627302326.190476,0.485149143761763
32,"NV","Nevada",2006,65184,0.355204889914551,655841638.095238,0.552716459981211
32,"NV","Nevada",2007,65397,0.359633256408657,681248867.957288,0.612868517608882
32,"NV","Nevada",2008,67738,0.408303706937774,682046838.687803,0.614757727161743
32,"NV","Nevada",2009,70350,0.462608370236387,691580914.714012,0.637329817612727
32,"NV","Nevada",2010,73690,0.532048483336452,629802974.739906,0.491069472599995
32,"NV","Nevada",2011,74572,0.550385662903595,577870379.187513,0.368118151366501
32,"NV","Nevada",2012,70032,0.455997006174765,486895952.169438,0.152734616587315
32,"NV","Nevada",2013,69540,0.445768103286971,479075664.33507,0.134219949422419
32,"NV","Nevada",2014,68814.5274515292,0.430685200347807,486214761.097298,0.151121884902307
32,"NV","Nevada",2015,67733.8669768194,0.40821777951349,492758426,0.166614125121356
33,"NH","New Hampshire",2001,26506,0,134296174.421231,0
33,"NH","New Hampshire",2002,27456,0.0358409416735833,141277014.146748,0.0519809276444557
33,"NH","New Hampshire",2003,29783,0.12363238512035,142583359.402174,0.0617082729024695
33,"NH","New Hampshire",2004,30287,0.142646947860862,140640837.42721,0.0472438104311047
33,"NH","New Hampshire",2005,30512,0.151135591941447,139565715.591398,0.0392382075876453
33,"NH","New Hampshire",2006,31030,0.170678336980306,137319655.654762,0.0225135320984466
33,"NH","New Hampshire",2007,31743,0.197577906889006,141258534.160951,0.0518433214477317
33,"NH","New Hampshire",2008,32573,0.228891571719611,146050996.247149,0.0875290891686046
33,"NH","New Hampshire",2009,33416,0.260695691541538,152540296.91848,0.135849904704099
33,"NH","New Hampshire",2010,34695,0.308948917226288,156686852.130347,0.166726102255796
33,"NH","New Hampshire",2011,35318,0.332453029502754,144481605.434584,0.0758430465889975
33,"NH","New Hampshire",2012,34491,0.301252546593224,85100614.6465936,-0.366321378748523
33,"NH","New Hampshire",2013,34237,0.291669810608919,86838193.2943848,-0.353382971118673
33,"NH","New Hampshire",2014,33779.8634064081,0.274423277990194,108783138.179238,-0.189975897317593
33,"NH","New Hampshire",2015,33249.385837553,0.254409787880215,123155000,-0.0829597303813416
34,"NJ","New Jersey",2001,190816,0,2220162594.07115,0
34,"NJ","New Jersey",2002,197811,0.0366583515009224,2304885243.13507,0.0381605605328984
34,"NJ","New Jersey",2003,208718,0.0938181284588294,2207002726.95652,-0.00592743394099486
34,"NJ","New Jersey",2004,216160,0.132819050813349,2177326435.60085,-0.0192941537636439
34,"NJ","New Jersey",2005,220908,0.157701660238135,2274489160.9063,0.024469634332291
34,"NJ","New Jersey",2006,221887,0.162832257253061,2397224851.33929,0.0797519324670082
34,"NJ","New Jersey",2007,226108,0.184953043769914,2264431300.09839,0.0199393981978885
34,"NJ","New Jersey",2008,234263,0.227690550058695,2243562247.71601,0.0105396125974516
34,"NJ","New Jersey",2009,244305,0.280317164179104,2185954258.98563,-0.0154080314553848
34,"NJ","New Jersey",2010,262359,0.374931871541171,2257593251.2749,0.0168594216043964
34,"NJ","New Jersey",2011,269961,0.41477129800436,2153640569.22099,-0.0299626815746746
34,"NJ","New Jersey",2012,269408,0.411873218178769,2056361880.1014,-0.0737787017974146
34,"NJ","New Jersey",2013,265952,0.393761529431494,1915254919.72767,-0.13733574070553
34,"NJ","New Jersey",2014,263240.670781247,0.379552400119731,1986508846.4999,-0.105241727878494
34,"NJ","New Jersey",2015,259106.750244631,0.357887966651804,2070674000,-0.067332273082318
35,"NM","New Mexico",2001,69320,0,758149170.948617,0
35,"NM","New Mexico",2002,71214,0.0273225620311598,794807805.141745,0.0483527986283498
35,"NM","New Mexico",2003,75915,0.0951384881708021,782075671.467391,0.0315590934285891
35,"NM","New Mexico",2004,79527,0.147244662435084,806723027.739545,0.0640689967782346
35,"NM","New Mexico",2005,81761,0.179472013848817,812841121.812596,0.0721387728955074
35,"NM","New Mexico",2006,81588,0.176976341604155,827911937.5,0.092017203506395
35,"NM","New Mexico",2007,81962,0.182371609924986,981613833.449084,0.294750256365594
35,"NM","New Mexico",2008,83535,0.205063473744951,1052712158.88771,0.388529064234846
35,"NM","New Mexico",2009,87941,0.268623773802654,993099973.664216,0.309900494148959
35,"NM","New Mexico",2010,96149,0.38703115983843,970279798.929151,0.279800646243682
35,"NM","New Mexico",2011,101779,0.468248701673399,885533038.554275,0.168019530307304
35,"NM","New Mexico",2012,99539,0.435934795152914,828054384.869618,0.0922050918205634
35,"NM","New Mexico",2013,99542,0.43597807270629,844440076.5675,0.113817846045935
35,"NM","New Mexico",2014,97907.0623875961,0.412392706110734,854511522.582877,0.127102099859437
35,"NM","New Mexico",2015,96369.5339552204,0.390212549844495,899300036,0.18617822251889
36,"NY","New York",2001,438575,0,4641402578.65613,0
36,"NY","New York",2002,444648,0.0138471185088069,4730835614.09116,0.0192685365941537
36,"NY","New York",2003,468567,0.0683851108704327,4992545248.125,0.075654430642072
36,"NY","New York",2004,471936,0.0760668072735564,4693728792.32398,0.0112737933805787
36,"NY","New York",2005,480675,0.0959927036424785,4900572821.27496,0.0558387767979126
36,"NY","New York",2006,484485,0.104679929316537,5157352039.50893,0.11116240233619
36,"NY","New York",2007,494393,0.127271276292538,5478057824.53627,0.180259141865344
36,"NY","New York",2008,508808,0.160139086815254,5636632626.13619,0.214424418182709
36,"NY","New York",2009,527327,0.202364475859317,5841606614.6632,0.258586497436425
36,"NY","New York",2010,561327,0.279888274525452,5573835467.19439,0.200894637501632
36,"NY","New York",2011,570572,0.300967907427464,5501918947.86747,0.185400071342334
36,"NY","New York",2012,570770,0.301419369549108,4985331849.81121,0.0741002887223513
36,"NY","New York",2013,563646,0.285175853616827,5185640181.5799,0.117257142361772
36,"NY","New York",2014,562600.294852092,0.282791529047693,5272614512.26347,0.135995945818194
36,"NY","New York",2015,553765.243239844,0.262646624271433,5466691712,0.177810288885311
37,"NC","North Carolina",2001,237202,0,3199768512.61999,0
37,"NC","North Carolina",2002,255949,0.0790339035927184,3208016413.84102,0.00257765559867959
37,"NC","North Carolina",2003,269681,0.136925489667035,3145481976.27717,-0.0169657699076376
37,"NC","North Carolina",2004,282703,0.191823846341936,3095300385.62732,-0.032648651482333
37,"NC","North Carolina",2005,284930,0.201212468697566,3225054752.38095,0.00790252159218197
37,"NC","North Carolina",2006,291101,0.227228269576142,3471446567.1875,0.0849055341022342
37,"NC","North Carolina",2007,294768,0.242687667051711,3862560477.25497,0.207137473233113
37,"NC","North Carolina",2008,298853,0.259909275638485,4094135571.31113,0.27950992553484
37,"NC","North Carolina",2009,314521,0.325962681596277,4317124314.36069,0.349198949028287
37,"NC","North Carolina",2010,344521,0.452437163261693,4066902027.98825,0.270998827555261
37,"NC","North Carolina",2011,352756,0.487154408478849,3971322815.10732,0.241128162691862
37,"NC","North Carolina",2012,348502,0.469220326978693,3682639473.28205,0.150908091869024
37,"NC","North Carolina",2013,346079,0.459005404676183,3804750123.81804,0.189070430817726
37,"NC","North Carolina",2014,341929.179228833,0.441510523641594,3610430228.89161,0.128341070503057
37,"NC","North Carolina",2015,336559.537630948,0.418873102380873,3726028884,0.164468263658582
38,"ND","North Dakota",2001,31243,0,247683363.269339,0
38,"ND","North Dakota",2002,33119,0.0600454501808405,263189228.821568,0.0626035812319238
38,"ND","North Dakota",2003,35081,0.122843516947796,261690452.527174,0.056552402522905
38,"ND","North Dakota",2004,36690,0.174343052843837,252080621.625198,0.0177535475044298
38,"ND","North Dakota",2005,36635,0.172582658515507,243819915.130568,-0.0155983352606923
38,"ND","North Dakota",2006,36021,0.152930256377429,252811753.645833,0.0207054293384947
38,"ND","North Dakota",2007,35894,0.148865345837468,245810542.654166,-0.00756135006587902
38,"ND","North Dakota",2008,35755,0.144416349262235,278620919.192951,0.124907686633637
38,"ND","North Dakota",2009,36855,0.179624235828826,279615729.524511,0.128924146675315
38,"ND","North Dakota",2010,38480,0.231635886438562,337703921.951242,0.363450162714446
38,"ND","North Dakota",2011,40007,0.280510834426912,327371432.566162,0.321733637031436
38,"ND","North Dakota",2012,39579,0.266811765835547,353958405.046713,0.429076222054553
38,"ND","North Dakota",2013,39685,0.270204525813782,348687840.762437,0.407796777950168
38,"ND","North Dakota",2014,39540.6289725929,0.265583617853373,408878530.745641,0.650811444695267
38,"ND","North Dakota",2015,38919.684581077,0.245708945398233,409693640,0.65410237729405
39,"OH","Ohio",2001,308742,0,2910943555.13834,0
39,"OH","Ohio",2002,321729,0.042064247818567,2737646813.64647,-0.0595328415715825
39,"OH","Ohio",2003,335059,0.08523945559723,2649909718.53261,-0.0896732731711542
39,"OH","Ohio",2004,344950,0.117275913222043,2590328662.12282,-0.110141226355826
39,"OH","Ohio",2005,348510,0.128806576364732,2542409799.69278,-0.126602851778088
39,"OH","Ohio",2006,349544,0.132155650996625,2510002714.50893,-0.13773569738983
39,"OH","Ohio",2007,351950,0.139948565468903,2515638487.13719,-0.135799633525481
39,"OH","Ohio",2008,358196,0.160179049173744,2510536880.30357,-0.137552194761035
39,"OH","Ohio",2009,368604,0.193890044114503,2753027922.71263,-0.0542489503607714
39,"OH","Ohio",2010,405750,0.314204092737626,2468174808.17905,-0.15210488921289
39,"OH","Ohio",2011,423768,0.372563499621043,2397649042.49723,-0.176332691760735
39,"OH","Ohio",2012,413671,0.339859818230108,2072241367.30224,-0.288120388440937
39,"OH","Ohio",2013,394273,0.277030659903738,2079235019.39802,-0.285717850582229
39,"OH","Ohio",2014,391040.391211394,0.266560400630281,2100743178.59204,-0.278329126346731
39,"OH","Ohio",2015,384899.509184778,0.246670388819071,2133970812,-0.266914396799911
40,"OK","Oklahoma",2001,114783,0,1052793371.40034,0
40,"OK","Oklahoma",2002,122611,0.0681982523544427,1045806863.14619,-0.00663616284442747
40,"OK","Oklahoma",2003,129183,0.125454117770053,963879020.869565,-0.0844556519314962
40,"OK","Oklahoma",2004,135067,0.176716064225539,925111929.671784,-0.121278728758259
40,"OK","Oklahoma",2005,136501,0.189209203453473,926464867.81874,-0.119993635041192
40,"OK","Oklahoma",2006,135632,0.181638395929711,984521880.357143,-0.0648479491777068
40,"OK","Oklahoma",2007,133566,0.163639214866313,1088767307.13025,0.0341699869197128
40,"OK","Oklahoma",2008,133415,0.16232368904803,1113985475.12111,0.0581235647783163
40,"OK","Oklahoma",2009,133001,0.158716883162141,1128836962.20232,0.0722303092589179
40,"OK","Oklahoma",2010,141634,0.23392836918359,1289127658.65984,0.224483069213429
40,"OK","Oklahoma",2011,147314,0.283413048970666,1200785867.15452,0.140571264765214
40,"OK","Oklahoma",2012,147284,0.283151686225312,1072885535.40283,0.0190846224418834
40,"OK","Oklahoma",2013,145466,0.267313103856843,1059570960.48154,0.00643772013133251
40,"OK","Oklahoma",2014,139476.955927651,0.215136003830284,1051470787.96685,-0.00125626117092043
40,"OK","Oklahoma",2015,137286.61561746,0.196053558605892,1049486716,-0.00314083987434344
41,"OR","Oregon",2001,105687,0,888209651.552795,0
41,"OR","Oregon",2002,113006,0.0692516581982647,810864369.288494,-0.0870799840207591
41,"OR","Oregon",2003,120760,0.142619243615582,656091212.36413,-0.261332939563163
41,"OR","Oregon",2004,119043,0.126373158477391,730464090.127051,-0.17759946781705
41,"OR","Oregon",2005,119144,0.127328810544343,708736931.797235,-0.202061213185198
41,"OR","Oregon",2006,117343,0.110287925667301,731276505.431548,-0.176684801664666
41,"OR","Oregon",2007,115604,0.0938336786927437,740264410.466765,-0.16656567605113
41,"OR","Oregon",2008,118257,0.118936103778137,798452641.997557,-0.101053855245011
41,"OR","Oregon",2009,130307,0.232952018696718,871522123.666314,-0.018787825438856
41,"OR","Oregon",2010,146709,0.388146129609129,748217444.193028,-0.157611670977711
41,"OR","Oregon",2011,152577,0.443668568508899,682899613.821681,-0.231150424195667
41,"OR","Oregon",2012,157245,0.487836725425076,582478023.30074,-0.344211107949082
41,"OR","Oregon",2013,155147,0.467985655757094,588947596.242461,-0.336927272505039
41,"OR","Oregon",2014,152229.087650134,0.440376656070607,629866296.282568,-0.290858531900192
41,"OR","Oregon",2015,149838.488394178,0.417757041019024,694391073,-0.218212646320557
42,"PA","Pennsylvania",2001,269891,0,2675309573.46132,0
42,"PA","Pennsylvania",2002,280607,0.0397049179113049,2641985098.24903,-0.0124563061945683
42,"PA","Pennsylvania",2003,293619,0.0879169738894591,2565555409.23913,-0.0410248463620568
42,"PA","Pennsylvania",2004,303026,0.122771785646798,2434713951.85283,-0.0899318807793918
42,"PA","Pennsylvania",2005,307347,0.138781952714244,2438425375.34562,-0.0885445932932605
42,"PA","Pennsylvania",2006,305746,0.13284992830439,2399114033.77976,-0.103238721388126
42,"PA","Pennsylvania",2007,312910,0.159393977568722,2454468161.15404,-0.082547984165272
42,"PA","Pennsylvania",2008,320142,0.186189980399495,2406812174.51684,-0.100361244772542
42,"PA","Pennsylvania",2009,328162,0.215905680441363,2469196498.83237,-0.0770427006554918
42,"PA","Pennsylvania",2010,345558,0.280361331055871,2132446132.96584,-0.202916120766211
42,"PA","Pennsylvania",2011,350200,0.297560867164892,2042307519.19409,-0.236608899600449
42,"PA","Pennsylvania",2012,343512,0.272780492865638,1687177879.64842,-0.369352281177109
42,"PA","Pennsylvania",2013,338399,0.25383580778907,1655838775.289,-0.381066478543388
42,"PA","Pennsylvania",2014,333599.008549156,0.236050881834355,1641419789.89254,-0.386456129722264
42,"PA","Pennsylvania",2015,328360.183604883,0.216639990236364,1658992000,-0.379887839352515
44,"RI","Rhode Island",2001,26617,0,217120998.023715,0
44,"RI","Rhode Island",2002,27306,0.0258857121388586,229137650.611451,0.0553454189005838
44,"RI","Rhode Island",2003,27250,0.0237817935905624,217569247.826087,0.00206451612903221
44,"RI","Rhode Island",2004,28372,0.0659353045046399,214158150.476443,-0.013646066360423
44,"RI","Rhode Island",2005,28617,0.0751399481534358,209822192.165899,-0.0336163057661498
44,"RI","Rhode Island",2006,28868,0.084570011646692,209699250.892857,-0.0341825396825397
44,"RI","Rhode Island",2007,29475,0.10737498591126,207778785.267818,-0.0430276796852077
44,"RI","Rhode Island",2008,30502,0.145959349288049,192007355.12278,-0.115666578219173
44,"RI","Rhode Island",2009,31289,0.175526918886426,178773853.670929,-0.176616470547903
44,"RI","Rhode Island",2010,32291,0.213172032911297,174032633.656973,-0.198453234643089
44,"RI","Rhode Island",2011,31827,0.1957395649397,172898141.744184,-0.203678394453129
44,"RI","Rhode Island",2012,31799,0.194687605665552,186057561.713133,-0.143069701195781
44,"RI","Rhode Island",2013,31658,0.189390239320735,162818942.038252,-0.250100434687264
44,"RI","Rhode Island",2014,31351.7078974169,0.177882852966785,166318874.295734,-0.233980702881773
44,"RI","Rhode Island",2015,30859.3619816036,0.159385429672899,176937827,-0.185072707796444
45,"SC","South Carolina",2001,116113,0,1174147666.85488,0
45,"SC","South Carolina",2002,117998,0.0162341856639653,1096494176.51473,-0.0661360513095934
45,"SC","South Carolina",2003,126856,0.0925219398344716,1067530017.22826,-0.0908042937326727
45,"SC","South Carolina",2004,130583,0.124619982258662,970036049.682371,-0.173838115029648
45,"SC","South Carolina",2005,132396,0.140234082316364,876286682.104455,-0.253682729318273
45,"SC","South Carolina",2006,134487,0.158242401798248,926011134.375,-0.211333326705449
45,"SC","South Carolina",2007,136090,0.172047918837684,1026000549.81625,-0.126174178274757
45,"SC","South Carolina",2008,139431,0.200821613428298,1096482575.71887,-0.0661459314943325
45,"SC","South Carolina",2009,144871,0.247672525901493,905793912.681728,-0.228551963052465
45,"SC","South Carolina",2010,156160,0.344896781583457,1113640970.68952,-0.0515324416795334
45,"SC","South Carolina",2011,160325,0.380767011445747,975617177.72954,-0.16908477079134
45,"SC","South Carolina",2012,161460,0.390541972044474,884490556.977752,-0.246695639785257
45,"SC","South Carolina",2013,161795,0.393427092573614,923333575.387647,-0.21361375451103
45,"SC","South Carolina",2014,160784.086033594,0.384720798132805,907301477.529083,-0.227267997764357
45,"SC","South Carolina",2015,158259.139439124,0.362975200357615,970219549,-0.173681832031514
46,"SD","South Dakota",2001,28074,0,181639891.643139,0
46,"SD","South Dakota",2002,29589,0.053964522333832,188017822.095609,0.0351130492028682
46,"SD","South Dakota",2003,30060,0.0707416114554392,190073908.451087,0.0464326240874304
46,"SD","South Dakota",2004,30825,0.0979910237230177,191019439.518264,0.0516381494740801
46,"SD","South Dakota",2005,30477,0.0855952126522761,197116143.548387,0.0852029351330664
46,"SD","South Dakota",2006,30414,0.0833511434067108,194593995.014881,0.0713175021993071
46,"SD","South Dakota",2007,30615,0.0905107929044668,200358399.238939,0.103052844980631
46,"SD","South Dakota",2008,31018,0.104865712046734,211692904.488093,0.165453813989264
46,"SD","South Dakota",2009,31574,0.124670513642516,221930758.167589,0.221817279012736
46,"SD","South Dakota",2010,33230,0.183657476668804,215242070.825591,0.184993389274136
46,"SD","South Dakota",2011,34976,0.245850252903042,206516405.907935,0.136955126100105
46,"SD","South Dakota",2012,34513,0.229358124955475,186275922.174099,0.0255231958630949
46,"SD","South Dakota",2013,34359,0.223872622355204,199016132.129234,0.095663129552142
46,"SD","South Dakota",2014,34426.6526649315,0.226282420208433,207424120.990851,0.141952459421019
46,"SD","South Dakota",2015,33886.017944483,0.207024932125206,217442912,0.197109897132075
47,"TN","Tennessee",2001,152782,0,1394838654.37606,0
47,"TN","Tennessee",2002,150277,-0.0163959105130186,1407230587.43746,0.00888413367562541
47,"TN","Tennessee",2003,151993,-0.0051642209160765,1421299617.30978,0.0189706263521644
47,"TN","Tennessee",2004,153928,0.00750088361194382,1361656856.53785,-0.0237889864423431
47,"TN","Tennessee",2005,157836,0.0330798130669843,1358527379.26267,-0.0260325988238609
47,"TN","Tennessee",2006,158199,0.035455747404799,1364538194.34524,-0.0217232723912246
47,"TN","Tennessee",2007,161804,0.0590514589414983,1429697125.5462,0.0249910418389812
47,"TN","Tennessee",2008,164702,0.0780196620020683,1477448818.59519,0.0592256057429695
47,"TN","Tennessee",2009,168589,0.103461140710293,1383023068.32854,-0.00847093390368085
47,"TN","Tennessee",2010,183094,0.198400335118011,1794182471.77789,0.286301083031333
47,"TN","Tennessee",2011,189871,0.242757654697543,1743148926.18428,0.249713664527045
47,"TN","Tennessee",2012,188035,0.230740532261654,1456109789.67268,0.0439270413853225
47,"TN","Tennessee",2013,181952,0.190925632600699,1475832347.35164,0.0580667109571948
47,"TN","Tennessee",2014,177532.690115314,0.162000040026405,1584627610.47775,0.136065168187202
47,"TN","Tennessee",2015,174744.724139501,0.143752039765817,1579203336,0.132176349605404
48,"TX","Texas",2001,626580,0,6019106350.70582,0
48,"TX","Texas",2002,656463,0.0476922340323662,6749985984.96387,0.121426602500942
48,"TX","Texas",2003,701340,0.119314373264388,6203630649.78261,0.0306564277694073
48,"TX","Texas",2004,724721,0.156629640269399,6178422304.84383,0.0264683733523557
48,"TX","Texas",2005,745556,0.189881579367359,5807640489.86175,-0.0351324347042427
48,"TX","Texas",2006,753978,0.203322799961697,6143992804.38988,0.0207483381099291
48,"TX","Texas",2007,758809,0.211032908806537,6209327068.03253,0.0316028171365346
48,"TX","Texas",2008,769821,0.228607679785502,6648221201.63212,0.104519643659815
48,"TX","Texas",2009,797958,0.273513358230394,6358572103.57654,0.0563980320485476
48,"TX","Texas",2010,864569,0.379822209454499,7326505115.76953,0.217208118429475
48,"TX","Texas",2011,911180,0.454211752689202,6586555888.98999,0.094274715418118
48,"TX","Texas",2012,926225,0.47822305212423,6651863626.70401,0.105124787490089
48,"TX","Texas",2013,914818,0.460017874812474,6431374886.50764,0.0684933130901532
48,"TX","Texas",2014,916005.079282715,0.461912412274115,6929534113.90587,0.151256301210444
48,"TX","Texas",2015,901620.173646162,0.438954600603533,6824241136,0.133763176522005
0,"US","United States",2001,8266932,0,80893587355.7312,0
0,"US","United States",2002,8639154,0.0450254096683026,82345360337.9099,0.0179467004695258
0,"US","United States",2003,9061411,0.0961032460409739,80163010567.0924,-0.00903133131463311
0,"US","United States",2004,9236579,0.117292243361866,76030636081.2864,-0.0601154112879172
0,"US","United States",2005,9348081,0.130779955611102,76324583197.619,-0.0564816607529085
0,"US","United States",2006,9390216,0.135876767826323,78186455701.1161,-0.0334653430896874
0,"US","United States",2007,9503558,0.149587053576829,82941083382.7444,0.0253109806839116
0,"US","United States",2008,9739709,0.178152789934646,85375445179.3519,0.0554043647973183
0,"US","United States",2009,10061812,0.217115611934391,86481191221.4909,0.0690735081532248
0,"US","United States",2010,10750132,0.300377455626827,84889245247.5282,0.04939400046911
0,"US","United States",2011,11020752,0.333112695253814,82456516671.2466,0.0193208060935955
0,"US","United States",2012,10948542,0.324377894967565,74361414446.7563,-0.0807501944529855
0,"US","United States",2013,10780749,0.304081006109643,73522894227.3381,-0.0911159137495082
0,"US","United States",2014,10635920,0.286561931318656,76797411110.0462,-0.0506366002495593
0,"US","United States",2015,10468893.9550377,0.266357816302075,80973621291.81,0.000989373060275226
49,"UT","Utah",2001,88436,0,730415048.50367,0
49,"UT","Utah",2002,96112,0.0867972318965127,824802559.644247,0.129224488643736
49,"UT","Utah",2003,99349,0.123399972861731,773107873.858696,0.0584500900446753
49,"UT","Utah",2004,101970,0.153037224659641,754442048.385389,0.0328949957027043
49,"UT","Utah",2005,104116,0.177303360622371,768550809.907834,0.0522110839341123
49,"UT","Utah",2006,104630,0.18311547333665,794192609.22619,0.0873168766897329
49,"UT","Utah",2007,102270,0.156429508345018,803426572.25743,0.0999589533421184
49,"UT","Utah",2008,103527,0.170643176986747,877055474.67987,0.200763150316532
49,"UT","Utah",2009,109161,0.234350264598127,910036037.723097,0.245916331526025
49,"UT","Utah",2010,119137,0.347155004749197,807363064.263309,0.105348343954953
49,"UT","Utah",2011,126228,0.427337283459225,771873458.012305,0.0567600703101162
49,"UT","Utah",2012,125434,0.41835903930526,750101910.716308,0.0269529800254914
49,"UT","Utah",2013,122165,0.381394454746936,759391411.870002,0.0396710930664593
49,"UT","Utah",2014,120243.234337811,0.359663873737063,796757843.940085,0.0908289000511762
49,"UT","Utah",2015,118354.939590867,0.338311768859595,887761300,0.215420330973013
50,"VT","Vermont",2001,15426,0,90387704.9407115,0
50,"VT","Vermont",2002,15785,0.0232723972513937,93710132.3513063,0.0367575148940235
50,"VT","Vermont",2003,16380,0.0618436406067678,97142152.4184783,0.0747275028412028
50,"VT","Vermont",2004,17270,0.119538441592117,96498430.6246691,0.0676057179233161
50,"VT","Vermont",2005,17681,0.146181771035913,95587520.2764977,0.0575279053627591
50,"VT","Vermont",2006,18646,0.208738493452612,96150245.014881,0.0637535832771654
50,"VT","Vermont",2007,19039,0.234214961752885,97104274.604277,0.0743084434765898
50,"VT","Vermont",2008,19456,0.261247244911189,96781706.1304301,0.0707397227743832
50,"VT","Vermont",2009,20214,0.310385064177363,97195542.5171416,0.0753181816143645
50,"VT","Vermont",2010,21351,0.384091793076624,101042415.071266,0.117877869977376
50,"VT","Vermont",2011,21575,0.398612731751588,98971910.4629477,0.0949709424292492
50,"VT","Vermont",2012,21302,0.380915337741475,92727854.6310661,0.0258901328658547
50,"VT","Vermont",2013,20822,0.349799040580838,90609397.7861794,0.00245268806872999
50,"VT","Vermont",2014,20312.0766763518,0.316742945439637,92501795.4303528,0.0233891378371433
50,"VT","Vermont",2015,19993.096669712,0.296064869033578,91637327,0.0138251331871765
51,"VA","Virginia",2001,220283,0,2174246339.0175,0
51,"VA","Virginia",2002,229282,0.0408519949337897,2143137620.01112,-0.0143078171263908
51,"VA","Virginia",2003,238076,0.0807733688028581,1825510510.84239,-0.160393890019242
51,"VA","Virginia",2004,242995,0.103103734741219,1683849023.10746,-0.225548185184775
51,"VA","Virginia",2005,244761,0.111120694742672,1791067743.62519,-0.17623513422378
51,"VA","Virginia",2006,249530,0.132770118438554,1868796380.58036,-0.140485442222326
51,"VA","Virginia",2007,256230,0.163185538602616,2113455159.66374,-0.0279596558415873
51,"VA","Virginia",2008,265444,0.205013550750625,2069132412.50702,-0.048344994136211
51,"VA","Virginia",2009,274662,0.246859721358434,2091678205.95049,-0.0379755189581354
51,"VA","Virginia",2010,291309,0.322430691428753,1952501250.91236,-0.101987104278786
51,"VA","Virginia",2011,298156,0.353513434990444,1999845837.98279,-0.0802119327074621
51,"VA","Virginia",2012,302473,0.37311095272899,1671213853.46886,-0.231359472255546
51,"VA","Virginia",2013,300129,0.362470095286518,1736386871.50358,-0.201384479603991
51,"VA","Virginia",2014,297317.806178356,0.34970835778683,1776926032.91502,-0.182739323954445
51,"VA","Virginia",2015,292648.739725917,0.328512593917448,1810767689,-0.167174548483661
53,"WA","Washington",2001,198653,0,1779539708.72388,0
53,"WA","Washington",2002,203448,0.0241375665104479,1800448304.97499,0.0117494406832286
53,"WA","Washington",2003,214652,0.0805374195204704,1766304299.51087,-0.00743754643300781
53,"WA","Washington",2004,219172,0.103290662612697,1681872852.11752,-0.0548832128485628
53,"WA","Washington",2005,215608,0.085349831112543,1709500065.05376,-0.0393582921059666
53,"WA","Washington",2006,216585,0.0902679546747343,1800499857.06845,0.0117784100246903
53,"WA","Washington",2007,217165,0.0931876186113474,1858452317.54782,0.0443443933490663
53,"WA","Washington",2008,221072,0.112855078956774,1939869933.99999,0.0900964583651125
53,"WA","Washington",2009,229932,0.157455462540208,2066741955.35036,0.161391311033137
53,"WA","Washington",2010,249185,0.254373203525746,1812818342.81102,0.0187006976714223
53,"WA","Washington",2011,252187,0.269484981349388,1673085884.30641,-0.0598209884812355
53,"WA","Washington",2012,246093,0.238808374401595,1401349443.93146,-0.212521396931134
53,"WA","Washington",2013,244565,0.231116570099621,1392352646.06773,-0.217577085106917
53,"WA","Washington",2014,243540.408029612,0.225958873158784,1567681788.38453,-0.119052089313185
53,"WA","Washington",2015,239715.859599229,0.206706466044957,1580750000,-0.11170849841077
54,"WV","West Virginia",2001,62140,0,516864039.977414,0
54,"WV","West Virginia",2002,63904,0.0283875120695204,514885656.003335,-0.00382766805399185
54,"WV","West Virginia",2003,65659,0.0566301898937882,487517418.913043,-0.0567782217266514
54,"WV","West Virginia",2004,68208,0.0976504666881236,441722995.156167,-0.145378743749575
54,"WV","West Virginia",2005,69205,0.113694882523334,430585401.536098,-0.16692714479631
54,"WV","West Virginia",2006,70480,0.134213067267461,406279700.14881,-0.213952473523669
54,"WV","West Virginia",2007,71610,0.152397811393627,443959462.699308,-0.141051749859192
54,"WV","West Virginia",2008,72630,0.168812359188928,501216099.89178,-0.0302747702980406
54,"WV","West Virginia",2009,73619,0.184728033472803,518377328.036656,0.00292782616354564
54,"WV","West Virginia",2010,77591,0.248648213710975,566956528.080149,0.0969161795526038
54,"WV","West Virginia",2011,80259,0.291583521081429,562063016.62962,0.0874484838492167
54,"WV","West Virginia",2012,79411,0.277936916639845,559258278.122512,0.0820220306813194
54,"WV","West Virginia",2013,77806,0.252108142903122,553944582.080255,0.0717413850351471
54,"WV","West Virginia",2014,75936.4878678091,0.222022656385728,514630391.849148,-0.00432153904218805
54,"WV","West Virginia",2015,74743.984423172,0.202832063456261,505352932,-0.0222710559974667
55,"WI","Wisconsin",2001,186856,0,1561032604.91248,0
55,"WI","Wisconsin",2002,193467,0.035380185811534,1569214606.89272,0.00524140364172463
55,"WI","Wisconsin",2003,199984,0.0702573104422657,1555521250.19022,-0.00353058270846971
55,"WI","Wisconsin",2004,200889,0.0751006122361605,1394341223.82213,-0.106782767102867
55,"WI","Wisconsin",2005,201777,0.0798529348803357,1335087181.41321,-0.144741002070188
55,"WI","Wisconsin",2006,203512,0.0891381598664212,1325215775.96726,-0.151064640292019
55,"WI","Wisconsin",2007,204996,0.0970801044654707,1338882858.7551,-0.142309485053859
55,"WI","Wisconsin",2008,209398,0.12063835252815,1363534023.53892,-0.126517909204486
55,"WI","Wisconsin",2009,213517,0.142682065333733,1422898162.69455,-0.0884891460839645
55,"WI","Wisconsin",2010,225312,0.205805540095046,1351886759.56112,-0.133979165260986
55,"WI","Wisconsin",2011,229324,0.227276619428865,1397060129.2762,-0.105041031891495
55,"WI","Wisconsin",2012,224809,0.203113627606285,1139600500.56417,-0.269970084559468
55,"WI","Wisconsin",2013,221773,0.186865821809308,1179744441.23729,-0.244253811531738
55,"WI","Wisconsin",2014,218691.475744336,0.170374383184568,1111802394.99696,-0.287777595741318
55,"WI","Wisconsin",2015,215257.153912229,0.151994872587605,1194317083,-0.234918553756306
56,"WY","Wyoming",2001,20253,0,202143317.871259,0
56,"WY","Wyoming",2002,20716,0.0228608107440873,212647693.190661,0.0519649891474142
56,"WY","Wyoming",2003,21412,0.0572260899619809,246483461.25,0.219350032668308
56,"WY","Wyoming",2004,22061,0.0892707253246433,248439714.187401,0.229027586979782
56,"WY","Wyoming",2005,22191,0.0956895274774108,258570448.387097,0.279144179041203
56,"WY","Wyoming",2006,22460,0.108971510393522,273550570.3125,0.353250620367865
56,"WY","Wyoming",2007,22554,0.113612798103985,297651829.875278,0.472479194513106
56,"WY","Wyoming",2008,23035,0.137362366069224,310215024.314571,0.534629131357882
56,"WY","Wyoming",2009,23503,0.160470053819187,345411617.529843,0.708746156772932
56,"WY","Wyoming",2010,25016,0.235175035797166,333572204.500105,0.650176755842855
56,"WY","Wyoming",2011,25765,0.272157211277342,404170425.421514,0.999425109262934
56,"WY","Wyoming",2012,25442,0.256208956697773,347809194.586988,0.720606934969281
56,"WY","Wyoming",2013,25093,0.238976941687651,388979602.887722,0.924276335146803
56,"WY","Wyoming",2014,24874.67221618,0.228196919773863,351968050.586249,0.74118073400977
56,"WY","Wyoming",2015,24484.0413990997,0.208909366469151,373838466,0.849373355185997
